iter	RMSE
0	3.585797027
1	3.253791143
2	2.95847157
3	2.692528478
4	2.456597979
5	2.245367079
6	2.060103301
7	1.896305122
8	1.752793513
9	1.624351263
